<?xml version="1.0" encoding="UTF-8" standalone="yes"?>
<addon id="script.cuervoskin" 
	     name="Cuervo Skin Switcher" 
	     version="1.2" 
	     provider-name="Cuervo">
  <requires>
    <import addon="xbmc.python" version="2.1.0"/>
  </requires>
  <extension point="xbmc.python.pluginsource" library="addon.py">
        <provides>executable</provides>
  </extension>
  <dir>
			<info compressed="false">https://raw.githubusercontent.com/noobsandnerds/modules4all/master/zips/addons.xml</info>
			<checksum>https://raw.githubusercontent.com/noobsandnerds/modules4all/master/zips/addons.xml.md5</checksum>
			<datadir zip="true">https://raw.githubusercontent.com/noobsandnerds/modules4all/master/zips/</datadir>
		</dir>
		<info>https://raw.githubusercontent.com/walterbishop2019/JansoloAuto/master/zips/addons.xml</info>
        <checksum>https://raw.githubusercontent.com/walterbishop2019/JansoloAuto/master/zips/addons.xml.md5</checksum>
        <datadir zip="true">https://raw.githubusercontent.com/walterbishop2019/JansoloAuto/master/zips/</datadir>
  <extension point="xbmc.addon.metadata">
    <platform>all</platform>
    <summary lang="en">-</summary>
    <description lang="en">Choose a flavor</description>
    <disclaimer lang="en">.</disclaimer>
    <language></language>
    <platform>all</platform>
    <license>GNU GENERAL PUBLIC LICENSE. Version 2, June 1991</license>
  </extension>
</addon>