<?xml version="1.0" encoding="UTF-8" standalone="yes"?>
<addon id="service.skin.widgets" name="Skin Widgets" version="0.0.33" provider-name="Martijn, phil65">
    <requires>
        <import addon="xbmc.json" version="6.0.0"/>
        <import addon="xbmc.python" version="2.14.0"/>
        <import addon="script.module.simplejson" version="2.0.10"/>
    </requires>
    <extension point="xbmc.pass" library="default.py" start="login"/>
    <extension point="xbmc.addon.metadata">
        <summary lang="be">Skin widgets</summary>
        <summary lang="da">Widgets til Skins</summary>
        <summary lang="de">Skin Widgets</summary>
        <summary lang="el">Widgets κελύφους</summary>
        <summary lang="en">Skin widgets</summary>
        <summary lang="es">Skin widgets</summary>
        <summary lang="fr">Skin widgets</summary>
        <summary lang="gl">Widgets do Tema</summary>
        <summary lang="hr">Dodaci za presvlaku</summary>
        <summary lang="hu">Kinézet miniprogram</summary>
        <summary lang="it">Skin widgets</summary>
        <summary lang="ko">스킨 위젯</summary>
        <summary lang="nl">Skin widgets</summary>
        <summary lang="pl">Dodatki Skóry</summary>
        <summary lang="pt">Widgets para Temas</summary>
        <summary lang="pt_BR">Skin widgets</summary>
        <summary lang="sk">Widgety Vzhľadov</summary>
        <summary lang="sv">Skal widgetar</summary>
        <summary lang="zh">皮肤微件</summary>
        <description lang="be">Skin widgets</description>
        <description lang="da">Widgets til Skins</description>
        <description lang="de">Skin Widgets</description>
        <description lang="el">Widgets κελύφους</description>
        <description lang="en">Skin widgets</description>
        <description lang="es">Skin widgets</description>
        <description lang="fr">Skin widgets</description>
        <description lang="gl">Widgets do Tema</description>
        <description lang="hr">Dodaci za presvlaku</description>
        <description lang="hu">Kinézet miniprogram</description>
        <description lang="it">Skin widgets</description>
        <description lang="ko">스킨 위젯</description>
        <description lang="nl">Skin widgets</description>
        <description lang="pl">Dodatki Skóry</description>
        <description lang="pt">Widgets para Temas</description>
        <description lang="pt_BR">Skin widgets</description>
        <description lang="sk">Widgety Vzhľadov</description>
        <description lang="sv">Skal widgetar</description>
        <description lang="zh">皮肤微件</description>
        <disclaimer lang="be">For information visit the wiki page or XBMC forum.</disclaimer>
        <disclaimer lang="de">Besuche für mehr Informationen die Wiki-Seite oder das XBMC-Forum</disclaimer>
        <disclaimer lang="el">Για πληροφορίες επισκεφθείτε τη σελίδα wiki ή το forum του XBMC.</disclaimer>
        <disclaimer lang="en">For information visit the wiki page or XBMC forum.</disclaimer>
        <disclaimer lang="es">Para más información, visite el wiki o los foros de XBMC.</disclaimer>
        <disclaimer lang="fr">Pour plus d'information, visitez la page du Wiki ou dur forum XBMC.</disclaimer>
        <disclaimer lang="gl">Para máis información visite a páxina wiki ou o foro do XBMC.</disclaimer>
        <disclaimer lang="hr">Za više informacija posjetite wiki stranicu ili XBMC forum.</disclaimer>
        <disclaimer lang="it">Per le informazioni visita la pagina wiki o il forum</disclaimer>
        <disclaimer lang="ko">위키 페이지나 XBMC 포럼에서 추가 정보를 확인하세요.</disclaimer>
        <disclaimer lang="nl">Bezoek voor informatie de wiki pagina of het XBMC forum.</disclaimer>
        <disclaimer lang="pl">Odwiedź stronę wiki lub forum XBMC by znaleźć więcej informacji.</disclaimer>
        <disclaimer lang="pt">Para mais informação, visite a página wiki ou o fórum do XBMC.</disclaimer>
        <disclaimer lang="pt_BR">Para informações visite o página do wiki ou fórum XBMC.org.</disclaimer>
        <disclaimer lang="sv">För information, besök wiki-sidan eller XBMC forumet.</disclaimer>
        <disclaimer lang="zh">访问wiki页或XBMC论坛了解更多信息</disclaimer>
        <platform>all</platform>
        <license>GNU GENERAL PUBLIC LICENSE. Version 2, June 1991</license>
        <website></website>
        <forum>http://forum.xbmc.org/showthread.php?tid=142389</forum>
        <source>https://github.com/XBMC-Addons/service.skin.widgets</source>
        <email></email>
    </extension>
</addon>
