<?xml version="1.0" encoding="UTF-8"?>
<window>
    <defaultcontrol always="true">9000</defaultcontrol>

    <controls>
        <control type="group">
            <include>Defs_InfoBackground</include>
            <include content="Object_Headline">
                <param name="label" value="19033" />
            </include>
            <control type="group">
                <top>bigpad</top>
                <left>bigpad</left>
                <bottom>bigpad</bottom>
                <right>bigpad</right>
                <include content="Object_Poster">
                    <param name="flipx" value="false" />
                    <param name="width" value="posterh" />
                </include>
                <control type="group">
                    <left>740</left>
                    <width>listinfow</width>
                    <include>Object_Background</include>

                    <!-- INFO -->
                    <control type="grouplist">
                        <usecontrolcoords>true</usecontrolcoords>
                        <itemgap>pad</itemgap>
                        <orientation>vertical</orientation>
                        <left>pad</left>
                        <right>pad</right>
                        <top>pad</top>
                        <bottom>pad</bottom>
                        <control type="label">
                            <top>pad</top>
                            <left>pad</left>
                            <right>pad</right>
                            <height>36</height>
                            <font>Font-InfoBox-Title</font>
                            <label>$INFO[ListItem.Artist]</label>
                            <visible>!Container.Content(songs)</visible>
                        </control>
                        <control type="label">
                            <top>pad</top>
                            <left>pad</left>
                            <right>pad</right>
                            <height>36</height>
                            <font>Font-InfoBox-Title</font>
                            <label>$INFO[ListItem.Artist]$INFO[ListItem.Title, - ,]</label>
                            <visible>Container.Content(songs)</visible>
                        </control>
                        <control type="label">
                            <left>pad</left>
                            <right>pad</right>
                            <height>32</height>
                            <font>Font-ListInfo-Small-Bold</font>
                            <label>[UPPERCASE][COLOR=$VAR[HighlightColor2]]$INFO[ListItem.Album]$INFO[ListItem.Year, (,)][/COLOR][/UPPERCASE]</label>
                            <visible>!String.IsEmpty(ListItem.Album)</visible>
                        </control>
                        <control type="textbox">
                            <top>pad</top>
                            <left>pad</left>
                            <right>pad</right>
                            <height max="192">auto</height>
                            <font>Font-ListInfo</font>
                            <align>left</align>
                            <label>$VAR[Label_Plot]</label>
                        </control>
                        <control type="group">
                            <left>pad</left>
                            <right>pad</right>
                            <top>-10</top>
                            <control type="grouplist">
                                <include>Info_DetailsGrouplist</include>
                                <!-- Genre -->
                                <control type="group">
                                    <height>36</height>
                                    <width>100%</width>
                                    <visible>!String.IsEmpty(ListItem.Genre)</visible>
                                    <control type="label">
                                        <width>200</width>
                                        <height>36</height>
                                        <align>left</align>
                                        <font>Font-ListInfo-Small</font>
                                        <textcolor>ListLabel</textcolor>
                                        <label>515</label>
                                        <textcolor>ListLabel</textcolor>
                                    </control>
                                    <control type="label">
                                        <left>220</left>
                                        <align>left</align>
                                        <height>36</height>
                                        <font>Font-ListInfo-Bold</font>
                                        <label>$INFO[ListItem.Genre]</label>
                                        <textcolor>SubLabel</textcolor>
                                    </control>
                                </control>

                                <!-- Type -->
                                <control type="group">
                                    <height>36</height>
                                    <width>100%</width>
                                    <visible>!String.IsEmpty(ListItem.Property(Album_Type))</visible>
                                    <control type="label">
                                        <width>200</width>
                                        <font>Font-ListInfo-Small</font>
                                        <textcolor>ListLabel</textcolor>
                                        <height>36</height>
                                        <align>left</align>
                                        <label>146</label>
                                    </control>
                                    <control type="label">
                                        <left>220</left>
                                        <font>Font-ListInfo-Bold</font>
                                        <textcolor>SubLabel</textcolor>
                                        <align>left</align>
                                        <height>36</height>
                                        <font>Font-ListInfo</font>
                                        <label>$INFO[ListItem.Property(Album_Type)]</label>
                                    </control>
                                </control>

                                <!-- Label -->
                                <control type="group">
                                    <height>36</height>
                                    <width>100%</width>
                                    <visible>!String.IsEmpty(ListItem.Property(Album_Label))</visible>
                                    <control type="label">
                                        <width>200</width>
                                        <font>Font-ListInfo-Small</font>
                                        <textcolor>ListLabel</textcolor>
                                        <height>36</height>
                                        <align>left</align>
                                        <label>21899</label>
                                    </control>
                                    <control type="label">
                                        <left>220</left>
                                        <font>Font-ListInfo-Bold</font>
                                        <textcolor>SubLabel</textcolor>
                                        <align>left</align>
                                        <height>36</height>
                                        <font>Font-ListInfo</font>
                                        <label>$INFO[ListItem.Property(Album_Label)]</label>
                                    </control>
                                </control>

                                <!-- Mood -->
                                <control type="group">
                                    <height>36</height>
                                    <width>100%</width>
                                    <visible>!String.IsEmpty(ListItem.Property(Album_Mood))</visible>
                                    <control type="label">
                                        <width>200</width>
                                        <font>Font-ListInfo-Small</font>
                                        <textcolor>ListLabel</textcolor>
                                        <height>36</height>
                                        <align>left</align>
                                        <label>175</label>
                                    </control>
                                    <control type="label">
                                        <left>220</left>
                                        <font>Font-ListInfo-Bold</font>
                                        <textcolor>SubLabel</textcolor>
                                        <align>left</align>
                                        <height>36</height>
                                        <font>Font-ListInfo</font>
                                        <label>$INFO[ListItem.Property(Album_Mood)]</label>
                                    </control>
                                </control>

                                <!-- Style -->
                                <control type="group">
                                    <height>36</height>
                                    <width>100%</width>
                                    <visible>!String.IsEmpty(ListItem.Property(Album_Style)) + Container.Content(albums)</visible>
                                    <control type="label">
                                        <width>200</width>
                                        <font>Font-ListInfo-Small</font>
                                        <textcolor>ListLabel</textcolor>
                                        <height>36</height>
                                        <align>left</align>
                                        <label>176</label>
                                    </control>
                                    <control type="label">
                                        <left>220</left>
                                        <font>Font-ListInfo-Bold</font>
                                        <textcolor>SubLabel</textcolor>
                                        <align>left</align>
                                        <height>36</height>
                                        <font>Font-ListInfo</font>
                                        <label>$INFO[ListItem.Property(Album_Style)]</label>
                                    </control>
                                </control>

                                <!-- Theme -->
                                <control type="group">
                                    <height>36</height>
                                    <width>100%</width>
                                    <visible>!String.IsEmpty(ListItem.Property(Album_Theme))</visible>
                                    <control type="label">
                                        <width>200</width>
                                        <font>Font-ListInfo-Small</font>
                                        <textcolor>ListLabel</textcolor>
                                        <height>36</height>
                                        <align>left</align>
                                        <label>21895</label>
                                    </control>
                                    <control type="label">
                                        <left>220</left>
                                        <font>Font-ListInfo-Bold</font>
                                        <textcolor>SubLabel</textcolor>
                                        <height>36</height>
                                        <label>$INFO[ListItem.Property(Album_Theme)]</label>
                                    </control>
                                </control>

                                <!-- Born -->
                                <control type="group">
                                    <height>36</height>
                                    <width>100%</width>
                                    <visible>!String.IsEmpty(ListItem.Property(Artist_Born))</visible>
                                    <control type="label">
                                        <width>200</width>
                                        <font>Font-ListInfo-Small</font>
                                        <textcolor>ListLabel</textcolor>
                                        <height>36</height>
                                        <align>left</align>
                                        <label>21893</label>
                                    </control>
                                    <control type="label">
                                        <left>220</left>
                                        <font>Font-ListInfo-Bold</font>
                                        <textcolor>SubLabel</textcolor>
                                        <height>36</height>
                                        <label>$INFO[ListItem.Property(Artist_Born)]</label>
                                    </control>
                                </control>

                                <!-- Formed -->
                                <control type="group">
                                    <height>36</height>
                                    <width>100%</width>
                                    <visible>!String.IsEmpty(ListItem.Property(Artist_Formed))</visible>
                                    <control type="label">
                                        <width>200</width>
                                        <font>Font-ListInfo-Small</font>
                                        <textcolor>ListLabel</textcolor>
                                        <height>36</height>
                                        <align>left</align>
                                        <label>21894</label>
                                    </control>
                                    <control type="label">
                                        <left>220</left>
                                        <font>Font-ListInfo-Bold</font>
                                        <textcolor>SubLabel</textcolor>
                                        <height>36</height>
                                        <label>$INFO[ListItem.Property(Artist_Formed)]</label>
                                    </control>
                                </control>

                                <!-- Mood -->
                                <control type="group">
                                    <height>36</height>
                                    <width>100%</width>
                                    <visible>!String.IsEmpty(ListItem.Property(Artist_Mood))</visible>
                                    <control type="label">
                                        <width>200</width>
                                        <font>Font-ListInfo-Small</font>
                                        <textcolor>ListLabel</textcolor>
                                        <height>36</height>
                                        <align>left</align>
                                        <label>175</label>
                                    </control>
                                    <control type="label">
                                        <left>220</left>
                                        <font>Font-ListInfo-Bold</font>
                                        <textcolor>SubLabel</textcolor>
                                        <height>36</height>
                                        <label>$INFO[ListItem.Property(Artist_Mood)]</label>
                                    </control>
                                </control>

                                <!-- Style -->
                                <control type="group">
                                    <height>36</height>
                                    <width>100%</width>
                                    <visible>!String.IsEmpty(ListItem.Property(Artist_Style)) + !Container.Content(albums)</visible>
                                    <control type="label">
                                        <width>200</width>
                                        <font>Font-ListInfo-Small</font>
                                        <textcolor>ListLabel</textcolor>
                                        <height>36</height>
                                        <align>left</align>
                                        <label>176</label>
                                    </control>
                                    <control type="label">
                                        <left>220</left>
                                        <font>Font-ListInfo-Bold</font>
                                        <textcolor>SubLabel</textcolor>
                                        <height>36</height>
                                        <label>$INFO[ListItem.Property(Artist_Style)]</label>
                                    </control>
                                </control>

                                <!-- Instrument -->
                                <control type="group">
                                    <height>36</height>
                                    <width>100%</width>
                                    <visible>!String.IsEmpty(ListItem.Property(Artist_Instrument))</visible>
                                    <control type="label">
                                        <width>200</width>
                                        <font>Font-ListInfo-Small</font>
                                        <textcolor>ListLabel</textcolor>
                                        <height>36</height>
                                        <align>left</align>
                                        <label>21892</label>
                                    </control>
                                    <control type="label">
                                        <left>220</left>
                                        <font>Font-ListInfo-Bold</font>
                                        <textcolor>SubLabel</textcolor>
                                        <height>36</height>
                                        <label>$INFO[ListItem.Property(Artist_Instrument)]</label>
                                    </control>
                                </control>

                                <!-- Died -->
                                <control type="group">
                                    <height>36</height>
                                    <width>100%</width>
                                    <visible>!String.IsEmpty(ListItem.Property(Artist_Died))</visible>
                                    <control type="label">
                                        <width>200</width>
                                        <font>Font-ListInfo-Small</font>
                                        <textcolor>ListLabel</textcolor>
                                        <height>36</height>
                                        <align>left</align>
                                        <label>21897</label>
                                    </control>
                                    <control type="label">
                                        <left>220</left>
                                        <font>Font-ListInfo-Bold</font>
                                        <textcolor>SubLabel</textcolor>
                                        <height>36</height>
                                        <label>$INFO[ListItem.Property(Artist_Died)]</label>
                                    </control>
                                </control>

                                <!-- Years active -->
                                <control type="group">
                                    <height>36</height>
                                    <width>100%</width>
                                    <visible>!String.IsEmpty(ListItem.Property(Artist_YearsActive))</visible>
                                    <control type="label">
                                        <width>200</width>
                                        <font>Font-ListInfo-Small</font>
                                        <textcolor>ListLabel</textcolor>
                                        <height>36</height>
                                        <align>left</align>
                                        <label>652</label>
                                    </control>
                                    <control type="label">
                                        <left>220</left>
                                        <font>Font-ListInfo-Bold</font>
                                        <textcolor>SubLabel</textcolor>
                                        <height>36</height>
                                        <label>$INFO[ListItem.Property(Artist_YearsActive)]</label>
                                    </control>
                                </control>
                            </control>
                        </control>
                    </control>

                    <!-- BUTTONS -->
                    <control type="grouplist" id="9000">
                        <left>bigpad</left>
                        <right>bigpad</right>
                        <bottom>30</bottom>
                        <height>64</height>
                        <align>center</align>
                        <itemgap>pad</itemgap>
                        <usecontrolcoords>true</usecontrolcoords>
                        <orientation>horizontal</orientation>
                        <onup condition="String.IsEqual(Control.GetLabel(5),$LOCALIZE[207])">51</onup>
                        <onup condition="!String.IsEqual(Control.GetLabel(5),$LOCALIZE[207])">9601</onup>

                        <!-- Youtube Button -->
                        <control type="button" id="9001">
                            <include>Defs_OptionButton3</include>
                            <label>31108</label>
                            <onclick>Close</onclick>
                            <onclick>ActivateWindow(videos,plugin://plugin.video.youtube/search/?q=$INFO[ListItem.Artist],return)</onclick>
                        </control>

                        <!-- Refresh Button -->
                        <control type="button" id="6">
                            <include>Defs_OptionButton3</include>
                            <label>184</label>
                        </control>

                        <!-- Get Thumb Button -->
                        <control type="button" id="10">
                            <include>Defs_OptionButton3</include>
                            <label>13511</label>
                        </control>

                        <!-- Fanart Button -->
                        <control type="button" id="12">
                            <include>Defs_OptionButton3</include>
                            <label>20413</label>
                            <visible>!Container.Content(songs)</visible>
                        </control>

                        <!-- Rating Button -->
                        <control type="button" id="7">
                            <include>Defs_OptionButton3</include>
                            <label2>$INFO[ListItem.UserRating]</label2>
                        </control>
                    </control>
                </control>


            </control>

        </control>

        <include>Furniture_DialogInfoOverlay</include>

    </controls>

</window>