<?xml version="1.0" encoding="utf-8"?>
<fonts>

    <fontset id="Default">

        <!-- Fonts from Eminence -->
        <font>
            <name>Font-Header</name>
            <filename>Roboto-Black.ttf</filename>
            <size>75</size>
        </font>
        <font>
            <name>Font-Sublabel</name>
            <filename>Roboto-Bold.ttf</filename>
            <size>32</size>
        </font>
        <font>
            <name>Font-HomeMenu</name>
            <filename>Roboto-Regular.ttf</filename>
            <size>28</size>
        </font>
        <font>
            <name>Font-Button</name>
            <filename>Roboto-Bold.ttf</filename>
            <size>32</size>
        </font>
        <font>
            <name>Font-ListInfo-Bold</name>
            <filename>Roboto-Bold.ttf</filename>
            <size>30</size>
            <linespacing>1.08</linespacing>
        </font>
        <font>
            <name>Font-ListInfo</name>
            <filename>Roboto-Regular.ttf</filename>
            <size>30</size>
            <linespacing>1.08</linespacing>
        </font>
        <font>
            <name>Font-ListInfo-Big</name>
            <filename>Roboto-Regular.ttf</filename>
            <size>38</size>
            <linespacing>1.08</linespacing>
        </font>
        <font>
            <name>Font-ListInfo-Small</name>
            <filename>Roboto-Regular.ttf</filename>
            <size>27</size>
        </font>
        <font>
            <name>Font-LineLabel</name>
            <filename>Roboto-Bold.ttf</filename>
            <size>18</size>
            <style>uppercase</style>
        </font>
        <font>
            <name>Font-SettingsLevel</name>
            <filename>Roboto-Bold.ttf</filename>
            <size>22</size>
        </font>
        <font>
            <name>Font-NumEpisodes</name>
            <filename>Roboto-Black.ttf</filename>
            <size>16</size>
        </font>
        <font>
            <name>Font-RSS</name>
            <filename>Roboto-Regular.ttf</filename>
            <size>24</size>
        </font>
        <font>
            <name>Font-ListInfo-Small-Bold</name>
            <filename>Roboto-Bold.ttf</filename>
            <size>27</size>
        </font>
        <font>
            <name>Font-OSD</name>
            <filename>Roboto-Regular.ttf</filename>
            <size>25</size>
            <aspect>0.9</aspect>
        </font>
        <font>
            <name>Font-InfoBox-Title</name>
            <filename>Roboto-Black.ttf</filename>
            <size>36</size>
        </font>
        <font>
            <name>Font-WidgetInfoTitle</name>
            <filename>Roboto-Black.ttf</filename>
            <size>48</size>
        </font>

        <font>
            <name>Font-LoginLabel</name>
            <style>uppercase</style>
            <filename>Roboto-Black.ttf</filename>
            <size>36</size>
        </font>

        <font>
            <name>Font-MusicVis-Title</name>
            <filename>Roboto-Black.ttf</filename>
            <size>64</size>
        </font>
        <font>
            <name>Font-MusicVis-Info</name>
            <filename>Roboto-Bold.ttf</filename>
            <size>42</size>
        </font>

        <!-- Music Vis -->
        <font>
            <name>Font-MusicVis-Biggest</name>
            <filename>Roboto-Light.ttf</filename>
            <size>230</size>
        </font>
        <font>
            <name>Font-MusicVis-Bigger</name>
            <filename>Roboto-Light.ttf</filename>
            <size>130</size>
        </font>
        <font>
            <name>Font-MusicVis-Big</name>
            <filename>Roboto-Light.ttf</filename>
            <size>80</size>
        </font>

        <!-- Video Lyrics -->
        <font>
            <name>lyr1</name>
            <filename>lyrics/Theboldfont.ttf</filename>
            <linespacing>0.9</linespacing>
            <size>120</size>
        </font>
        <font>
            <name>lyr1b</name>
            <filename>lyrics/PollerOne.ttf</filename>
            <aspect>0.9</aspect>
            <size>60</size>
        </font>
        <font>
            <name>lyr2</name>
            <filename>lyrics/SF Distant Galaxy.ttf</filename>
            <style>lowercase</style>
            <linespacing>0.9</linespacing>
            <size>120</size>
        </font>
        <font>
            <name>lyr2b</name>
            <filename>lyrics/Fredoka One.ttf</filename>
            <linespacing>0.9</linespacing>
            <size>58</size>
        </font>
        <font>
            <name>lyr3</name>
            <filename>lyrics/Luckiest Guy.ttf</filename>
            <style>uppercase</style>
            <linespacing>0.9</linespacing>
            <size>125</size>
        </font>
        <font>
            <name>lyr3b</name>
            <filename>lyrics/Exo2-BlackItalic.ttf</filename>
            <linespacing>0.85</linespacing>
            <size>62</size>
        </font>
        <font>
            <name>lyr4</name>
            <filename>lyrics/Geomancy - Extra Bold.ttf</filename>
            <linespacing>0.9</linespacing>
            <size>120</size>
        </font>
        <font>
            <name>lyr4b</name>
            <filename>lyrics/Ranchers-Regular.ttf</filename>
            <aspect>1.4</aspect>
            <linespacing>0.9</linespacing>
            <size>54</size>
        </font>
        <font>
            <name>lyr5</name>
            <filename>lyrics/BOXING.ttf</filename>
            <aspect>1.3</aspect>
            <style>lowercase</style>
            <linespacing>0.9</linespacing>
            <size>104</size>
        </font>
        <font>
            <name>lyr5b</name>
            <filename>lyrics/nasalization-rg.ttf</filename>
            <style>bold</style>
            <size>54</size>
        </font>
        <font>
            <name>lyr6</name>
            <filename>lyrics/Theboldfont.ttf</filename>
            <linespacing>0.9</linespacing>
            <size>120</size>
        </font>
        <font>
            <name>lyr6b</name>
            <filename>lyrics/PollerOne.ttf</filename>
            <aspect>0.9</aspect>
            <size>60</size>
        </font>
        <font>
            <name>lyr7</name>
            <style>uppercase</style>
            <filename>lyrics/Luckiest Guy.ttf</filename>
            <size>110</size>
        </font>
        <font>
            <name>lyr7a</name>
            <style>uppercase</style>
            <filename>lyrics/Luckiest Guy.ttf</filename>
            <size>155</size>
        </font>
        <font>
            <name>lyr7b</name>
            <style>uppercase</style>
            <filename>lyrics/Luckiest Guy.ttf</filename>
            <size>205</size>
        </font>
        <font>
            <name>lyr7c</name>
            <filename>lyrics/Exo2-BlackItalic.ttf</filename>
            <linespacing>0.85</linespacing>
            <size>60</size>
        </font>
        <font>
            <name>lyr8</name>
            <filename>lyrics/SF Distant Galaxy.ttf</filename>
            <style>lowercase</style>
            <linespacing>0.9</linespacing>
            <size>120</size>
        </font>
        <font>
            <name>lyr8b</name>
            <filename>lyrics/nasalization-rg.ttf</filename>
            <style>bold</style>
            <size>54</size>
        </font>
        <font>
            <name>lyr9</name>
            <filename>lyrics/Geomancy - Extra Bold.ttf</filename>
            <linespacing>0.9</linespacing>
            <size>130</size>
        </font>
        <font>
            <name>lyr9b</name>
            <filename>lyrics/Fredoka One.ttf</filename>
            <linespacing>0.9</linespacing>
            <size>58</size>
        </font>
        <font>
            <name>lyr10</name>
            <filename>lyrics/SF Distant Galaxy.ttf</filename>
            <style>lowercase</style>
            <linespacing>0.9</linespacing>
            <size>120</size>
        </font>
        <font>
            <name>lyr10b</name>
            <filename>lyrics/Ranchers-Regular.ttf</filename>
            <aspect>1.4</aspect>
            <linespacing>0.9</linespacing>
            <size>52</size>
        </font>
        <font>
            <name>lyr11</name>
            <filename>lyrics/Theboldfont.ttf</filename>
            <linespacing>0.9</linespacing>
            <size>120</size>
        </font>
        <font>
            <name>lyr11b</name>
            <filename>lyrics/PollerOne.ttf</filename>
            <aspect>0.9</aspect>
            <size>60</size>
        </font>
        <font>
            <name>lyr12</name>
            <filename>lyrics/BOXING.ttf</filename>
            <style>lowercase</style>
            <linespacing>0.9</linespacing>
            <size>275</size>
        </font>
        <font>
            <name>lyr12b</name>
            <filename>lyrics/BOXING.ttf</filename>
            <style>lowercase</style>
            <linespacing>0.9</linespacing>
            <size>165</size>
        </font>
        <font>
            <name>lyr12c</name>
            <filename>lyrics/BOXING.ttf</filename>
            <style>lowercase</style>
            <linespacing>0.9</linespacing>
            <size>220</size>
        </font>
        <font>
            <name>lyr12d</name>
            <filename>lyrics/Fredoka One.ttf</filename>
            <linespacing>0.9</linespacing>
            <size>58</size>
        </font>
        <font>
            <name>lyr13</name>
            <filename>lyrics/SF Distant Galaxy.ttf</filename>
            <style>lowercase</style>
            <linespacing>0.9</linespacing>
            <size>120</size>
        </font>
        <font>
            <name>lyr13b</name>
            <filename>lyrics/Exo2-BlackItalic.ttf</filename>
            <linespacing>0.85</linespacing>
            <size>62</size>
        </font> 
        <font>
            <name>lyr14</name>
            <style>uppercase</style>
            <filename>lyrics/Luckiest Guy.ttf</filename>
            <size>140</size>
        </font>
        <font>
            <name>lyr14b</name>
            <filename>lyrics/Ranchers-Regular.ttf</filename>
            <aspect>1.4</aspect>
            <linespacing>0.9</linespacing>
            <size>54</size>
        </font>
        <font>
            <name>lyr15</name>
            <filename>lyrics/Geomancy - Extra Bold.ttf</filename>
            <linespacing>0.9</linespacing>
            <size>130</size>
        </font>
        <font>
            <name>lyr15b</name>
            <filename>lyrics/nasalization-rg.ttf</filename>
            <style>bold</style>
            <size>56</size>
        </font>
        <font>
            <name>lyrsh16</name>
            <filename>lyrics/PollerOne.ttf</filename>
            <aspect>0.9</aspect>
            <size>76</size>
        </font>
        <font>
            <name>lyrsh38</name>
            <filename>lyrics/Exo2-BlackItalic.ttf</filename>
            <linespacing>0.85</linespacing>
            <size>86</size>
        </font>
        <font>
            <name>lyrsh50</name>
            <filename>lyrics/nasalization-rg.ttf</filename>
            <style>bold</style>
            <size>74</size>
        </font>
        <font>
            <name>lyrsh72</name>
            <filename>lyrics/Fredoka One.ttf</filename>
            <linespacing>0.9</linespacing>
            <size>88</size>
        </font>
        <font>
            <name>lyrsh94</name>
            <filename>lyrics/Ranchers-Regular.ttf</filename>
            <aspect>1.4</aspect>
            <linespacing>0.9</linespacing>
            <size>78</size>
        </font>

        <!-- Required for system -->
        <font>
            <name>font13</name>
            <filename>Arial.ttf</filename>
            <size>21</size>
        </font>

    </fontset>

</fonts>