<?xml version="1.0" encoding="UTF-8"?>
    <addon id="repository.universalscrapers" name="Universal Scrapers" version="1.0.0" provider-name="Universal Scrapers">
        <requires>
            <import addon="xbmc.addon" version="12.0.0"/>
        </requires>
        <extension point="xbmc.addon.repository" name="universalscrapers">
            <info compressed="false">http://theunjudged.com/Universal/_master/addons.xml</info>
            <checksum>http://theunjudged.com/Universal/_master/addons.xml.md5</checksum>
            <datadir zip="true">http://theunjudged.com/Universal/_master/</datadir>
            <hashes>false</hashes>
        </extension>
        <extension point="xbmc.addon.metadata">
            <summary>Scrape common video host for URL's to be playable in XBMC/Kodi.</summary>
            <description>carrying on the dream</description>
            <platform>all</platform>
    </extension>
</addon>