<?xml version="1.0" encoding="UTF-8" standalone="yes"?>
<addon id="repository.multijansolo" name="JanSolo repo of repos" version="0.1" provider-name="JanSolo">
    <extension point="xbmc.addon.repository">
        <!-- repository.castagnait -->
        <dir>
            <info>https://github.com/CastagnaIT/repository.castagnait/raw/master/addons.xml</info>
            <checksum>https://github.com/CastagnaIT/repository.castagnait/raw/master/addons.xml.md5</checksum>
            <datadir zip="true">https://github.com/CastagnaIT/repository.castagnait/raw/master/zip</datadir>
        </dir>
        <!-- repository.emby.kodi -->
        <dir>
            <info compressed="false">https://embydata.com/downloads/addons/xbmb3c/multi-repo/repositories/addons.xml</info>
            <checksum>https://embydata.com/downloads/addons/xbmb3c/multi-repo/repositories/addons.xml.md5</checksum>
            <datadir zip="true">https://embydata.com/downloads/addons/xbmb3c/multi-repo/repositories/</datadir>
        </dir>
        <dir minversion="18.9.0">
            <info compressed="false">https://embydata.com/downloads/addons/xbmb3c/multi-repo/matrix/addons.xml</info>
            <checksum>https://embydata.com/downloads/addons/xbmb3c/multi-repo/matrix/addons.xml.md5</checksum>
            <datadir zip="true">https://embydata.com/downloads/addons/xbmb3c/multi-repo/matrix/</datadir>
        </dir>
        <dir minversion="17.9.0">
            <info compressed="false">https://embydata.com/downloads/addons/xbmb3c/multi-repo/leia/addons.xml</info>
            <checksum>https://embydata.com/downloads/addons/xbmb3c/multi-repo/leia/addons.xml.md5</checksum>
            <datadir zip="true">https://embydata.com/downloads/addons/xbmb3c/multi-repo/leia/</datadir>
        </dir>
        <dir minversion="16.9.0">
            <info compressed="false">https://embydata.com/downloads/addons/xbmb3c/multi-repo/krypton/addons.xml</info>
            <checksum>https://embydata.com/downloads/addons/xbmb3c/multi-repo/krypton/addons.xml.md5</checksum>
            <datadir zip="true">https://embydata.com/downloads/addons/xbmb3c/multi-repo/krypton/</datadir>
        </dir>
        <!-- repository.plexkodiconnect -->
        <dir>
            <info>https://raw.githubusercontent.com/walterbishop2019/jansolo/master/zips/addons.xml</info>
        <checksum>https://raw.githubusercontent.com/walterbishop2019/jansolo/master/zips/addons.xml.md5</checksum>
        <datadir zip="true">https://raw.githubusercontent.com/walterbishop2019/jansolo/master/zips/</datadir>
        </dir>
		<dir>
            <info>https://raw.githubusercontent.com/walterbishop2019/soportejan/master/zips/addons.xml</info>
        <checksum>https://raw.githubusercontent.com/walterbishop2019/soportejan/master/zips/addons.xml.md5</checksum>
        <datadir zip="true">https://raw.githubusercontent.com/walterbishop2019/soportejan/master/zips/</datadir>
        </dir>
		<dir>
            <info>https://raw.githubusercontent.com/walterbishop2019/JansoloAuto/master/zips/addons.xml</info>
        <checksum>https://raw.githubusercontent.com/walterbishop2019/JansoloAuto/master/zips/addons.xml.md5</checksum>
        <datadir zip="true">https://raw.githubusercontent.com/walterbishop2019/JansoloAuto/master/zips/</datadir>
        </dir>
		<dir>
            <info>https://hirayasoftware.github.io/addons.xml</info>
		<checksum>https://hirayasoftware.github.io/addons.xml.md5</checksum>
		<datadir zip="true">https://hirayasoftware.github.io/</datadir>
        </dir>
		<dir>
            <info>https://raw.githubusercontent.com/decosub/repo/master/Repositorio/addons.xml</info>
        <checksum>https://raw.githubusercontent.com/decosub/repo/master/Repositorio/addons.xml.md5</checksum>
        <datadir zip="true">https://raw.githubusercontent.com/decosub/repo/master/Repositorio/</datadir>
        </dir>
		<dir>
            <info>https://balandro.tk/repo/addons.xml</info>
        <checksum>https://balandro.tk/repo/addons.xml.md5</checksum>
        <datadir zip="true">https://balandro.tk/repo</datadir>
        </dir>
		<dir>
            <info>https://raw.githubusercontent.com/walterbishop2019/walterbishop/master/zips/addons.xml</info>
        <checksum>https://raw.githubusercontent.com/walterbishop2019/walterbishop/master/zips/addons.xml.md5</checksum>
        <datadir zip="true">https://raw.githubusercontent.com/walterbishop2019/walterbishop/master/zips/</datadir>
        </dir>
		<dir>
            <info>https://raw.githubusercontent.com/Andorth/Repo/master/repositorio/addons.xml</info>
		<checksum>https://raw.githubusercontent.com/Andorth/Repo/master/repositorio/addons.xml.md5</checksum>
		<datadir zip="true">https://raw.githubusercontent.com/Andorth/Repo/master/repositorio/</datadir>
        </dir>
		<dir>
            <info compressed="false">https://raw.github.com/Maniac2017/repository.Maniac/master/addons.xml</info>
		<checksum>https://raw.github.com/Maniac2017/repository.Maniac/master/addons.xml.md5</checksum>
		<datadir zip="true">https://raw.github.com/Maniac2017/repository.Maniac/master/repor/</datadir>
        </dir>
		<dir>
            <info compressed="false">https://kodibalkan.com/robinhoodtvpro/programi/addons.xml</info>
		<checksum>https://kodibalkan.com/robinhoodtvpro/programi/addons.xml.md5</checksum>
		<datadir zip="true">https://kodibalkan.com/robinhoodtvpro/programi/</datadir>
        </dir>
		<dir>
            <info>https://github.com/alfa-addon/alfa-repo/raw/master/addons.xml</info>
        <checksum>https://github.com/alfa-addon/alfa-repo/raw/master/addons.xml.md5</checksum>
        <datadir zip="true">https://github.com/alfa-addon/alfa-repo/raw/master</datadir>
        </dir>
		<dir>
            <info>https://raw.githubusercontent.com/Palantiraddon/Repo/master/Palantir/addons.xml</info>
        <checksum>https://raw.githubusercontent.com/Palantiraddon/Repo/master/Palantir/addons.xml.md5</checksum>
        <datadir zip="true">https://raw.githubusercontent.com/Palantiraddon/repo/master/Palantir/</datadir>
        </dir>		
		
		<dir>
            <info compressed="false">https://raw.githubusercontent.com/stvabuild/Repo-STVA/master/addons.xml</info>
		<checksum>https://raw.githubusercontent.com/stvabuild/Repo-STVA/master/addons.xml.md5</checksum>
        <datadir zip="true">https://raw.githubusercontent.com/stvabuild/Repo-STVA/master</datadir>
        </dir>		
		<dir>
            <info compressed="false">http://raw.github.com/afonsinoguimaraes/repository.magellan/master/addons.xml</info>
		<checksum>http://raw.github.com/afonsinoguimaraes/repository.magellan/master/addons.xml.md5</checksum>
		<datadir zip="true">http://raw.github.com/afonsinoguimaraes/repository.magellan/master/repo/</datadir>
        </dir>
		<dir>
            <info compressed="false">https://k.slyguy.xyz/.repo/addons.xml</info>
         <checksum>https://k.slyguy.xyz/.repo/addons.xml.md5</checksum>
         <datadir zip="true">https://k.slyguy.xyz/.repo/</datadir>
        </dir>
		<dir>
            <info>https://raw.githubusercontent.com/picapaujulen/repositorio/master/Repositorio/addons.xml</info>
        <checksum>https://raw.githubusercontent.com/picapaujulen/repositorio/master/Repositorio/addons.xml.md5</checksum>
        <datadir zip="true">https://raw.githubusercontent.com/picapaujulen/repositorio/master/Repositorio/</datadir>
        </dir>
		<dir>
            <info compressed="false">https://raw.githubusercontent.com/mbebe/blomqvist/master/zips/addons.xml</info>
		<checksum>https://raw.githubusercontent.com/mbebe/blomqvist/master/zips/addons.xml.md5</checksum>
		<datadir zip="true">https://github.com/mbebe/blomqvist/raw/master/zips</datadir>
        </dir>
		<dir>
            <info compressed="false">https://kodibalkan.com/robinhoodtvpro/programi/addons.xml</info>
		<checksum>https://kodibalkan.com/robinhoodtvpro/programi/addons.xml.md5</checksum>
		<datadir zip="true">https://kodibalkan.com/robinhoodtvpro/programi/</datadir>
        </dir>
		<dir>
            <info>https://github.com/alfa-addon/alfa-repo/raw/master/addons.xml</info>
        <checksum>https://github.com/alfa-addon/alfa-repo/raw/master/addons.xml.md5</checksum>
        <datadir zip="true">https://github.com/alfa-addon/alfa-repo/raw/master</datadir>
        </dir>
		<dir>
            <info>https://raw.githubusercontent.com/Palantiraddon/Repo/master/Palantir/addons.xml</info>
        <checksum>https://raw.githubusercontent.com/Palantiraddon/Repo/master/Palantir/addons.xml.md5</checksum>
        <datadir zip="true">https://raw.githubusercontent.com/Palantiraddon/repo/master/Palantir/</datadir>
        </dir>
    </extension>
    <extension point="xbmc.addon.metadata">
        <summary>Repository of repositories</summary>
        <description>foobar</description>
        <platform>all</platform>
    </extension>
</addon>