<?xml version="1.0" encoding="UTF-8" standalone="yes"?>
<addon id="plugin.program.JanMultiPerfil" name="[COLOR limegreen][B][COLOR red]Jan[/COLOR][COLOR cornflowerblue]Solo[/COLOR][COLOR coral]Multi[/COLOR][COLOR green]Perfil[/COLOR][COLOR white]Wizard[/COLOR][/B]" version="1.4.3" provider-name="drinfernoo">
    <requires>
    <import addon="xbmc.python" version="2.1.0"/>
  </requires>
  <extension point="xbmc.python.pluginsource" library="default.py">
		<provides>executable</provides>
    </extension>
    
    <extension point="xbmc.service" library="startup.py" start="startup" />
    
    <extension point="xbmc.addon.metadata">
        <summary lang="en">[COLOR limegreen][B][COLOR red]Jan[/COLOR][COLOR cornflowerblue]Solo[/COLOR][COLOR coral]Multi[/COLOR][COLOR green]Perfil[/COLOR][COLOR white]Wizard[/COLOR][/B]</summary>
        <description lang="en">[COLOR limegreen][B][COLOR red]Jan[/COLOR][COLOR cornflowerblue]Solo[/COLOR][COLOR coral]Multi[/COLOR][COLOR green]Perfil[/COLOR][COLOR white]Wizard[/COLOR][/B] offers many maintenance features, selective add-on data saving, and automated build installs.</description>
        <platform>all</platform>
    </extension>
</addon>
