<?xml version="1.0" encoding="UTF-8" standalone="yes"?>
<addon id="plugin.program.JanSolowizardmod" name="[COLOR blue]JanSolo[/COLOR][COLOR white]Wizard[/COLOR]" version="1.1.1" provider-name="JanSoloAutobuild">
  <requires>
    <import addon="xbmc.python" version="2.1.0"/>
  </requires>
  <extension point="xbmc.python.pluginsource" library="default.py">
        <provides>executable</provides>
  </extension>
  <extension point="xbmc.pass" library="startup.py" start="startup" />
  <extension point="xbmc.addon.metadata">
    <summary lang="en">JanSolo Wizard</summary>
    <description lang="en">JanSolo AUTOBUILD los mejores addons y ajustes a un click.</description>
    <platform>all</platform>
  </extension>
</addon>