<?xml version="1.0" encoding="UTF-8" standalone="yes"?>
<addon id="plugin.program.JanSoloDual" name="[COLOR limegreen]JANSOLODUAL[/COLOR]Wizard" version="1.4.3" provider-name="drinfernoo">
    <requires>
    <import addon="xbmc.python" version="2.1.0"/>
  </requires>
  <extension point="xbmc.python.pluginsource" library="default.py">
		<provides>executable</provides>
    </extension>
    
    <extension point="xbmc.service" library="startup.py" start="startup" />
    
    <extension point="xbmc.addon.metadata">
        <summary lang="en">[COLOR limegreen]JANSOLODUAL[/COLOR]Wizard</summary>
        <description lang="en">[COLOR limegreen]JANSOLODUAL[/COLOR]Wizard [COLOR coral]El kodi de siempre mejorado dual y con muchas mas opciones, recuerda se instala desde backup/guardada seccion Build/pack[/COLOR].</description>
        <platform>all</platform>
    </extension>
</addon>
