<?xml version="1.0" encoding="UTF-8" standalone="yes"?>
<addon id="repository.pruebas" name="Pruebas2 repo" version="0.0.1" provider-name="JL">
	<extension point="xbmc.addon.repository" name="JL Repository">
		<dir>
			<info compressed="false">https://raw.githubusercontent.com/noobsandnerds/modules4all/master/zips/addons.xml</info>
			<checksum>https://raw.githubusercontent.com/noobsandnerds/modules4all/master/zips/addons.xml.md5</checksum>
			<datadir zip="true">https://raw.githubusercontent.com/noobsandnerds/modules4all/master/zips/</datadir>
		</dir>
		<info>https://raw.githubusercontent.com/walterbishop2019/Pruebas2/master/zips/addons.xml</info>
        <checksum>https://raw.githubusercontent.com/walterbishop2019/Pruebas2/master/zips/addons.xml.md5</checksum>
        <datadir zip="true">https://raw.githubusercontent.com/walterbishop2019/Pruebas2/master/zips/</datadir>
	</extension>
	<extension point="xbmc.addon.metadata">
		<summary lang="en">julck</summary>
		<description lang="en">julck</description>
		<genre></genre>
	</extension>
</addon>